kidney,liver,spleen
https://i.ytimg.com/vi/AlegaeaH938/maxresdefault.jpg,https://assets.cureus.com/uploads/figure/file/25872/lightbox_0c0af8b0d78411e78cdd115a6f364470-Screen-Shot-2017-11-28-at-11.07.23-PM.png,https://www.pathpedia.com/education/eatlas/histology/spleen/normal-spleen-histology-[1-sp01-h1].jpeg?Width=600&Height=450&Format=4
http://www.proteinatlas.org/images_dictionary/kidney__1__example_1__1_25.jpg,http://medchrome.com/wp-content/uploads/2011/07/normal-liver-histology.jpg,https://www.pathpedia.com/education/eatlas/histology/spleen/normal-spleen-histology-[2-sp01-h2].jpeg?Width=600&Height=450&Format=4
https://library.med.utah.edu/WebPath/jpeg1/RENAL125.jpg,https://image.slidesharecdn.com/cirrhosisfinal-140115042118-phpapp02/95/cirrhosis-6-638.jpg?cb=1390021036,https://www.pathpedia.com/education/eatlas/histology/spleen/normal-spleen-histology-[7-sp01-h7].jpeg?Width=600&Height=450&Format=4
https://www.auanet.org/images/Education/pathology/normal-histology/renal_corpuscle-figureA.jpg,https://thebileflow.files.wordpress.com/2012/08/livernormal1.jpg,http://www.pathpedia.com/education/eatlas/histology/spleen/normal-spleen-histology-[4-sp01-h4].jpeg?Width=600&Height=450&Format=4
https://s3.amazonaws.com/classconnection/823/flashcards/1840823/jpg/normal_440035-150D6806E9E55F1C4B6-thumb400.jpg,http://www.pathpedia.com/education/eatlas/histology/liver_and_bile_ducts/liver-normal-histology-[3-li02-3h].jpeg?Width=600&Height=450&Format=4,http://www.pathpedia.com/education/eatlas/histology/spleen/normal-spleen-histology-[3-sp01-h3].jpeg?Width=600&Height=450&Format=4
http://pathologyapps.com/histology/kidney-hp.jpg,https://i.ytimg.com/vi/d6HYTVxU-Vo/maxresdefault.jpg,http://www.pathpedia.com/education/eatlas/histology/spleen/normal-spleen-histology-[5-sp01-h5].jpeg?Width=600&Height=450&Format=4
https://medicine.tamu.edu/class-files/histopathology/Histopathology%20Study%20Guide/Kidney/NSlideKidney2.jpg,https://www.pathpedia.com/education/eatlas/histology/liver_and_bile_ducts/liver-normal-histology-[1-li02-1h].jpeg?Width=600&Height=450&Format=4,https://library.med.utah.edu/WebPath/jpeg5/HEME188.jpg
https://webpath.med.utah.edu/jpeg3/PERI146.jpg,https://www.pathpedia.com/education/eatlas/histology/liver_and_bile_ducts/liver-normal-histology-[2-li02-2h].jpeg?Width=600&Height=450&Format=4,https://www.pathpedia.com/education/eatlas/histology/spleen/normal-spleen-histology-[8-sp01-h8].jpeg?Width=600&Height=450&Format=4
https://www.researchgate.net/profile/Veli_Uygur/publication/316506512/figure/download/fig1/AS:614249588076561@1523459922407/Normal-kidney-histology-in-control-group.png,https://www.researchgate.net/profile/Vladimir_Palicka2/publication/266479889/figure/fig1/AS:669535879315471@1536641201696/Histological-examination-of-liver-tissue-SLD-The-figure-shows-normal-liver-histology-no.png,https://d3i71xaburhd42.cloudfront.net/be98aa4528c37c149f00c096901d9dc4b99600a7/2-Figure3-1.png
https://as1.ftcdn.net/jpg/02/55/65/68/500_F_255656835_IALCNx0G2Ewb9UYNerpdC4jF5joj524D.jpg,https://www.proteinatlas.org/images_dictionary/liver__1__example_1__1_100_2.jpg,https://www.researchgate.net/profile/Youssef_Attia2/publication/279317317/figure/download/fig5/AS:281893539991553@1444220065374/Histology-of-the-spleen-of-the-control-group-showing-normal-spleenic-tissue-H-E-x100.png
https://www.auanet.org/images/Education/pathology/normal-histology/renal_corpuscle-figureB.jpg,http://www1.udel.edu/biology/Wags/histopage/colorpage/clg/clglscv.GIF,http://www.pathpedia.com/education/eatlas/histology/spleen/normal-spleen-histology-[9-sp01-h9].jpeg?Width=600&Height=450&Format=4
https://medicine.tamu.edu/class-files/histopathology/Histopathology%20Study%20Guide/Kidney/NSlideKidney1.jpg,https://www.pathpedia.com/education/eatlas/histology/liver_and_bile_ducts/liver-normal-histology-[5-li04-1h].jpeg?Width=600&Height=450&Format=4,https://www.proteinatlas.org/images_dictionary/spleen__1__example_1__1_100_1.jpg
http://www.thestudentroom.co.uk/attachment.php?attachmentid=213138&stc=1&d=1367696971,https://s-media-cache-ak0.pinimg.com/originals/8a/35/01/8a3501cba148c0c7f376b36465d22bed.jpg,https://i.pinimg.com/originals/00/96/9b/00969b044211a4d5acea73bd2859f69d.jpg
https://www.researchgate.net/profile/Guengoer_Kanbak/publication/236598509/figure/download/fig4/AS:680089817726976@1539157456120/Histological-sections-of-kidneys-a-Normal-kidney-histology-in-kidney-tissue-in-control.ppm,https://www.proteinatlas.org/images_dictionary/liver__1__example_1__1_100_1.jpg,http://medcell.med.yale.edu/histology/immune_system_lab/images/spleen.jpg
https://as1.ftcdn.net/jpg/01/69/35/08/500_F_169350811_YGOi3FoExuUspZWoAFVt3LwJvT1Ifci4.jpg,https://www.pathpedia.com/education/eatlas/histology/liver_and_bile_ducts/liver-normal-histology-[7-li05-1h].jpeg?Width=600&Height=450&Format=4,http://www.pathpedia.com/education/eatlas/histology/spleen/normal-spleen-histology-[10-sp01-h10].jpeg?Width=600&Height=450&Format=4
https://www.proteinatlas.org/images_dictionary/kidney__1__example_1__overview.jpg,http://www.ijnpnd.com/articles/2016/6/3/images/IntJNutrPharmacolNeurolDis_2016_6_3_125_184585_f8.jpg,https://o.quizlet.com/UmH0pAYqU.JKJDqRWrl23w_m.jpg
https://image.slidesharecdn.com/kidneyhistology-150713070908-lva1-app6892/95/kidney-histology-1-638.jpg?cb=1436771521,http://www.examnnotes.com/images/histology-of-normal-liver-23-638.jpg,https://i.pinimg.com/originals/1e/89/e6/1e89e6693ded95e87b6b0c3642e4104f.jpg
https://image.slidesharecdn.com/mb4-yearreview-term4-131110234704-phpapp02/95/pathology-reviewterm4-22-638.jpg?cb=1384127518,https://embryology.med.unsw.edu.au/embryology/images/thumb/7/77/Liver_histology_001.jpg/300px-Liver_histology_001.jpg,http://histology-world.com/photoalbum/albums/userpics/normal_spleen10.jpg
https://www.researchgate.net/profile/Aisha_Siddiqi2/publication/305112795/figure/fig1/AS:585860265291776@1516691380482/Histopathological-examination-of-rat-kidney-A-Normal-histology-of-kidney-B-Disruption.png,https://www.pathpedia.com/education/eatlas/histology/liver_and_bile_ducts/liver-normal-histology-[6-li03-1h].jpeg?Width=600&Height=450&Format=4,http://www.pathpedia.com/education/eatlas/histology/spleen/normal-spleen-histology-[11-sp02-h-cd20].jpeg?Width=600&Height=450&Format=4
https://www.researchgate.net/profile/Shiekh_Ahmad/publication/51639229/figure/download/fig2/AS:576445156163584@1514446643359/Histopathological-examination-of-rat-kidney-21-400-showing-normal-histology-of.png,http://www.phcog.com/articles/2011/7/26/images/PhcogMag_2011_7_26_151_80675_f5.jpg,https://library.med.utah.edu/WebPath/jpeg5/HEME060.jpg
https://www.auanet.org/images/Education/pathology/normal-histology/tubules-figureC_Big.jpg,https://www.researchgate.net/profile/Kemal_Ulutas3/publication/223973164/figure/download/fig1/AS:305145100423169@1449763669800/Normal-appearance-of-liver-histology-of-control-rat-haematoxylin-and-eosin-H-E-A-100.png,http://histology-world.com/photoalbum/albums/userpics/normal_spleen5.jpg
https://medicine.tamu.edu/class-files/histopathology/Histopathology%20Study%20Guide/Kidney/NSlideKidney3.jpg,https://www.researchgate.net/publication/331304438/figure/download/fig3/AS:729524354428941@1550943568795/Group-1-normal-histology-of-mouse-liver-at-20x-magnification.jpg,https://www.pathpedia.com/education/eatlas/histology/spleen/normal-spleen-histology-[6-sp01_h6].jpeg?Width=600&Height=450&Format=4
https://pathweb.nus.edu.sg/wp-content/uploads/bb-plugin/cache/Normal-kidney-square.jpg,https://www.researchgate.net/profile/Holger_Behrsing/publication/7729440/figure/fig2/AS:278632124698643@1443442483826/Histology-of-liver-slices-Control-liver-slice-tissue-on-day-1-A-showing-normal-liver.png,https://pathweb.nus.edu.sg/wp-content/uploads/2019/06/normal-spleen-2-blank.jpg
https://ocg.cancer.gov/sites/default/files/MLLT1%20eNews%20WT%20histology%20figure.png,https://www.researchgate.net/publication/273297745/figure/download/fig2/AS:320205831065632@1453354427994/Photomicrographs-of-histological-liver-sections-a-Standard-group-showing-normal.png,https://www.proteinatlas.org/images_dictionary/spleen__1__example_1__overview.jpg
http://www.siumed.edu/~dking2/crr/images/RN033b.jpg,https://www.researchgate.net/profile/Rajesh_R2/publication/298275043/figure/download/fig2/AS:340937919221763@1458297342367/A-Normal-liver-histology-with-portal-triad-arrow-and-central-vein-with-hepatocytes.png,http://histology-world.com/photoalbum/albums/userpics/normal_spleen12.jpg
http://www.proteinatlas.org/images_dictionary/kidney__1__tubulus__1_100_1.jpg,https://www.researchgate.net/profile/Hanan_Abd-Elhafeez/publication/272494533/figure/download/fig1/AS:294831072006144@1447304613746/demonstrating-affections-of-the-liver-A-Normal-liver-histology-in-control-fish-showing.png,https://www.researchgate.net/profile/Adel_Alkhedaide/publication/309010763/figure/download/fig2/AS:416241148809217@1476251031236/Cross-section-of-the-spleen-of-control-group-showing-normal-histology-of-the-spleen.png
http://www.histology-world.com/photoalbum/albums/userpics/normal_kidney2~0.jpg,https://www.researchgate.net/profile/Rosemary_Ffrench/publication/6667413/figure/download/fig2/AS:267729278074941@1440843042622/Normal-and-HCV-infected-liver-a-Normal-liver-histology-showing-the-portal-tract-PT.png,http://embryology.med.unsw.edu.au/embryology/images/b/b5/Spleen_histology_03.jpg
https://i.pinimg.com/originals/56/bf/74/56bf7494227a983206e7d378005995a2.jpg,https://www.researchgate.net/profile/Shiekh_Ahmad/publication/51810673/figure/download/fig5/AS:576445157253132@1514446643837/Representative-photomicrographs-of-liver-histopathology-400-a-liver-of-control.png?_sg=OaWHw9BPhRa-EZfQTZgyLqg2mr0C0YXRu5dAQ2LBD-G5eyphCrtDBM16v1ZHigN3is9_rQn1sII,http://histology-world.com/photoalbum/albums/userpics/normal_Spleen-40x.jpg
http://o.quizlet.com/FEuR.9kLHhqrrNtFgG9noA_m.png,https://www.hepatitis.va.gov/images/provider/courses/livertests/lower-power-view.jpg,https://www.researchgate.net/profile/Mark_Cesta/publication/6728193/figure/fig1/AS:601726050648066@1520474078267/B6C3F1-mouse-female-20-weeks-old-left-and-F344-N-rat-male-12-weeks-old-right_Q320.jpg
https://www.researchgate.net/profile/Pablo_Ghiringhelli/publication/257301408/figure/download/fig4/AS:297520824635395@1447945900632/Kidney-histology-of-cortical-zone-A-Renal-glomeruli-of-a-control-mouse-showed-normal.png,https://classconnection.s3.amazonaws.com/782/flashcards/1612782/png/normal_liver_histology1346738361551.png,https://www.pathpedia.com/education/eatlas/histology/spleen/normal-spleen-histology-[16-sp02-h-cd8].jpeg?Width=600&Height=450&Format=4
https://www.researchgate.net/profile/Shimaa_Abouzeid/publication/323116202/figure/download/fig2/AS:592906675036160@1518371375650/a-Kidney-of-control-group-showing-normal-histology-of-renal-tubules-and-glomeruli-b.png,https://s3.amazonaws.com/classconnection/962/flashcards/6733962/jpg/normal_1471-230x-6-35-5-lb-1537B53A90D2BD79113.jpg,http://www.histology-world.com/photoalbum/albums/userpics/normal_DSCN3621.jpg
https://www.auanet.org/images/Education/pathology/normal-histology/tubules-figureB.jpg,https://www.researchgate.net/publication/318895889/figure/download/fig2/AS:613513437397030@1523284410412/Histopathology-of-the-liver-from-normal-mice-and-untreated-and-Xeniji-treated.png,http://pathologyapps.com/histology/spleen2.jpg
http://www.ijnpnd.com/articles/2016/6/3/images/IntJNutrPharmacolNeurolDis_2016_6_3_125_184585_f9.jpg,http://tissupath.com.au/wp-content/uploads/2011/09/cirrhosis.jpg,http://histology-world.com/photoalbum/albums/userpics/normal_Spleen-100x-2.jpg
https://i.pinimg.com/originals/48/09/9f/48099fe6fa0be2e9a1f6675010856e92.jpg,https://www.researchgate.net/profile/Zainul_Amiruddin_Zakaria/publication/49833239/figure/fig1/AS:202718770667522@1425343329511/Section-of-the-liver-tissue-of-control-group-showing-normal-histology-40X-Section-of.png,https://s-media-cache-ak0.pinimg.com/736x/2c/c5/27/2cc52777ef63eb6d4d43bcae718f8b4b.jpg
https://www.researchgate.net/profile/Stuart_Murray3/publication/23448047/figure/fig2/AS:216468282187777@1428621468892/Kidney-histology-Representative-sections-of-renal-cortex-from-NZB-NZW-F1-female-mice.png,http://www.kumc.edu/instruction/medicine/anatomy/histoweb/gitract/small/Gi35s.JPG,https://o.quizlet.com/GzH7NTOfVz4RH9OviCwzMQ_m.jpg
https://webpath.med.utah.edu/jpeg1/RENAL129.jpg,https://i.pinimg.com/736x/f7/a9/ca/f7a9ca1a6c29989b9379194db46cbda1.jpg,https://www.pathpedia.com/education/eatlas/histology/spleen/normal-spleen-histology-[13-sp02-h-cd3].jpeg?Width=600&Height=450&Format=4
http://www.histology-world.com/photoalbum/albums/userpics/normal_WholeKidney-400x-2.jpg,http://image.slidesharecdn.com/liverhistology-140827080532-phpapp01/95/histology-of-normal-liver-57-638.jpg?cb=1409126763,https://commons.wikivet.net/images/thumb/f/fd/LH_Spleen_Histology.jpg/200px-LH_Spleen_Histology.jpg
http://w.onlineveterinaryanatomy.net/sites/default/files/original_media/image/asset_9180_36%20-%20kidney%20porcine%20labelled.jpg,https://embryology.med.unsw.edu.au/embryology/images/6/62/Liver_histology_005.jpg,https://www.researchgate.net/profile/Harpal_Buttar2/publication/330742089/figure/download/fig1/AS:720927566331904@1548893934608/Histology-of-normal-human-spleen.png
https://s-media-cache-ak0.pinimg.com/originals/14/d0/39/14d039999684d5902c63c0bd12c97b51.jpg,https://instruction.cvhs.okstate.edu/Histology/HistologyReference/imagesco/liver3.jpg,http://legacy.owensboro.kctcs.edu/gcaplan/anat2/histology/Image380.gif
https://www.proteinatlas.org/images_dictionary/kidney__1__glomerulus__1_100_2.jpg,http://www.meddean.luc.edu/lumen/MedEd/orfpath/images/fig02x.jpg,https://www.pathpedia.com/education/eatlas/histology/spleen/normal-spleen-histology-[14-sp02-h-cd4].jpeg?Width=600&Height=450&Format=4
http://legacy.owensboro.kctcs.edu/gcaplan/anat2/histology/Image83.gif,https://micro2tele.files.wordpress.com/2012/01/screen-shot-2012-01-11-at-19-12-39.png,http://www.histology-world.com/photoalbum/albums/userpics/normal_hrlym_35.jpg
https://www.researchgate.net/profile/Vinita_Singh-Gupta/publication/47157524/figure/download/fig2/AS:601578977370161@1520439013783/Histology-of-kidney-tumors-and-normal-kidneys-from-mice-treated-with-sunitinib-and.png,https://www.wikidoc.org/images/f/fc/Human_liver.jpg,https://www.researchgate.net/profile/Stacie_Loftus/publication/8367668/figure/fig4/AS:280076043210752@1443786740379/Liver-and-spleen-histology-H-E-staining-of-liver-left-column-and-spleen-right-column.png
https://classconnection.s3.amazonaws.com/937/flashcards/1170937/jpg/kidney_cortex_40x1333595928854.jpg,http://legacy.owensboro.kctcs.edu/gcaplan/anat2/histology/liv5.jpg,http://www.histology-world.com/photoalbum/albums/userpics/normal_hrlym_36.jpg
https://embryology.med.unsw.edu.au/embryology/images/5/5a/Nephron_histology_01.jpg,https://i.ytimg.com/vi/eWME5fnIofs/hqdefault.jpg,http://medicaldiagnosticchoices.com/wp-content/uploads/2014/01/Normal-Spleen-Histology.jpg
https://webpath.med.utah.edu/jpeg1/RENAL128.jpg,http://image.slidesharecdn.com/liverhistology-140827080532-phpapp01/95/histology-of-normal-liver-22-638.jpg?cb=1409126763,https://www.pathpedia.com/education/eatlas/histology/spleen/normal-spleen-histology-[12-sp02-h-cd3].jpeg?Width=600&Height=450&Format=4
http://webs.wofford.edu/davisgr/histology/normal_kidney1.jpg,https://www.pathpedia.com/education/eatlas/histology/liver_and_bile_ducts/liver-normal-histology-[10-li06.jpeg?Width=600&Height=450&Format=4,http://www.humpath.com/IMG/jpg_spleen_04_3.jpg
https://www.researchgate.net/profile/Subhash_Bhore2/publication/305681795/figure/fig13/AS:614201567502366@1523448473848/Effect-of-CoQ10-on-the-renal-histology-of-INH-and-RIF-treated-rats-Kidney-histopathology.png,https://www.pathpedia.com/education/eatlas/histology/liver_and_bile_ducts/liver-normal-histology-[8-li06-ceap].jpeg?Width=600&Height=450&Format=4,https://www.humpath.com/IMG/jpg_spleen_04_2.jpg
https://www.renalfellow.org/wp-content/uploads/2019/01/revised-Fig-1.jpg,https://classconnection.s3.amazonaws.com/474/flashcards/538474/png/normal_liver1307915580317.png,"https://thumbor.kenhub.com/KRBBxnfRI_J2oc2RFV3_0n5pnDA=/fit-in/800x1600/filters:watermark(/images/logo_url.png,-10,-10,0):background_color(FFFFFF):format(jpeg)/images/library/12768/structure-of-spleen_english.jpg"
https://www.researchgate.net/profile/Ali_Karakus/publication/291698966/figure/download/fig2/AS:707291733053448@1545642898971/H-E-method-a-Normal-kidney-histology-b-Severe-renal-tubular-toxicity-GI-swelling.png,https://image.slidesharecdn.com/alcoholicliverdisease-new20-6-2016-160618053517/95/alcoholic-liver-disease-new-2062016-23-638.jpg?cb=1466228128,https://i.ytimg.com/vi/RezL2xWFCe8/maxresdefault.jpg
https://www.researchgate.net/profile/Noel_Wannang2/publication/27797674/figure/fig1/AS:310027865870336@1450927811026/Normal-kidney-histology-of-rat_Q320.jpg,https://image.slidesharecdn.com/liverhistology-140827080532-phpapp01/95/histology-of-normal-liver-1-638.jpg?cb=1409126763,https://healthjade.com/wp-content/uploads/2017/10/spleen-anatomy.jpg
https://exoticanimalmed.files.wordpress.com/2013/10/200px-kidney.jpg,https://www.hepatitis.va.gov/images/provider/courses/livertests/higher-magnification.jpg,https://o.quizlet.com/IrSqexmKjBgTpGIRp.DwjQ_m.jpg
https://www.auanet.org/images/education/pathology/normal-histology/jux_apparatus-figureB_Big.jpg,http://image.slidesharecdn.com/liverhistology-140827080532-phpapp01/95/histology-of-normal-liver-40-638.jpg?cb=1409126763,https://www.austincc.edu/histologyhelp/organs/images/ol040a.jpg
https://www.researchgate.net/profile/Parames_Sil/publication/265791047/figure/download/fig3/AS:202745538715651@1425349711044/Histological-examination-H-E-stained-200x-in-rat-kidney-of-normal-group-Mangiferin.png,https://www.researchgate.net/profile/Vladimir_Palicka2/publication/266479889/figure/fig2/AS:669535879319558@1536641201726/Histological-examination-of-liver-tissue-MCDD-Normal-liver-histology-was-found-with-no.png,https://i1.rgstatic.net/publication/6728193_Normal_Structure_Function_and_Histology_of_the_Spleen/links/0f31752efb5797e115000000/largepreview.png
https://www.researchgate.net/profile/Miguel_Ascon/publication/23673801/figure/fig2/AS:267418803109957@1440769020030/Mouse-kidney-tissue-injury-2-weeks-after-bilateral-and-6-weeks-after-unilateral-renal.png,https://www.researchgate.net/profile/Paul_Dumas2/publication/233812688/figure/download/fig1/AS:300072026820614@1448554154436/Histological-features-of-normal-liver-and-cirrhosis-Tissue-sections-of-4-m-m-thickness.png,https://s3.amazonaws.com/classconnection/542/flashcards/7970542/png/screen_shot_2015-09-20_at_50849_pm-14FECCD9FB95DC03665-thumb400.png
https://www.researchgate.net/profile/Peter_Zipfel/publication/233830327/figure/download/fig1/AS:367785587822592@1464698325888/Kidney-histology-of-fH-m-m-mice-On-PAS-staining-A-2-month-old-WT-mouse-glomeruli-had.png,https://medicine.tamu.edu/class-files/histopathology/Histopathology%20Study%20Guide/Liver%20Pancreas%20Biliary/SNormalLiver3.jpg,https://pathweb.nus.edu.sg/wp-content/uploads/2019/06/normal-spleen-1.jpg
https://www.researchgate.net/profile/Nevzat_Gozel/publication/325497513/figure/download/fig2/AS:700740003708932@1544080844300/Control-Normal-renal-tissue-M-Pruriens-normal-renal-histology-with-minimal-tubular.jpg,https://i.ytimg.com/vi/TvN4QEbGZE0/hqdefault.jpg,http://histology-world.com/photoalbum/albums/userpics/normal_spleen4.jpg
http://medicaldiagnosticchoices.com/wp-content/uploads/2014/01/Normal-Kidney-Histology.jpg,http://histology-world.com/photoalbum/albums/userpics/normal_liverportaltriad40x.jpg,https://i.pinimg.com/originals/f2/20/7f/f2207f4a37696e4750d9e4d1a9bcedb5.jpg
https://library.med.utah.edu/WebPath/jpeg1/RENAL101.jpg,https://classconnection.s3.amazonaws.com/782/flashcards/1612782/png/liver_damage_flow_diagram1348366883731.png,http://histology-world.com/photoalbum/albums/userpics/normal_IMG_0237~0.jpg
https://i.pinimg.com/736x/72/65/90/726590d5f0969790ea19ac27e453d465--gross-anatomy.jpg,https://www.researchgate.net/profile/Baukje_Schotanus/publication/26655752/figure/download/fig2/AS:195927500431371@1423724164552/Liver-histology-A-Normal-liver-dog-1-portal-area-and-periportal-parenchyma-The.png,http://www.histology-world.com/photoalbum/albums/userpics/normal_spleenmix10_0.jpg
https://web.duke.edu/pathology/Week06/images/large/path20-4.jpg,https://www.researchgate.net/profile/Hassan_El-Sayyad/publication/308903742/figure/fig3/AS:667882857979927@1536247090933/Histology-and-transmission-electron-microscopy-of-liver-A-and-B-Normal-liver-histology.png,http://education.med.nyu.edu/Histology/courseware/modules/lymphoid-q/images/unitq.09.20.gif
https://www.researchgate.net/profile/Sujata_Jetley3/publication/237844930/figure/download/fig1/AS:298989267243008@1448296004987/Kidney-histology-of-Rats-x-400-magnifications-A-Control-group-showed-normal.png,http://medicaldiagnosticchoices.com/wp-content/uploads/2014/01/Normal-Liver-Histology.jpg,https://s3.amazonaws.com/classconnection/303/flashcards/7389303/jpg/qc_test-s047w0-1-14B4D5378DA72D66B38.jpg
http://histology-world.com/photoalbum/albums/userpics/normal_kidney5.jpg,https://thumbs.dreamstime.com/z/liver-as-seen-histologist-organ-able-to-regenerate-routine-h-e-stain-h-e-stain-nuclei-purple-red-44133831.jpg,https://www.researchgate.net/publication/323096614/figure/download/fig8/AS:592485516595207@1518270963821/Histology-of-liver-heart-and-spleen-of-mice-with-TRAM34-treatment-Effect-of-TRAM34-on.png
https://www.researchgate.net/profile/Emin_Sengul/publication/327337778/figure/download/fig2/AS:665571947470848@1535696126348/A-Control-group-showing-kidney-tissue-with-a-normal-histological-structure-B-NaF-group.png,https://i.pinimg.com/originals/04/e6/f7/04e6f71a41d7b576df605f75041a1584.jpg,https://5.imimg.com/data5/GC/FV/MY-6594043/spleen-500x500.jpg
https://pathweb.nus.edu.sg/wp-content/uploads/2019/06/normal-kidney-4.jpg,http://image.slidesharecdn.com/liverhistology-140827080532-phpapp01/95/histology-of-normal-liver-24-638.jpg?cb=1409126763,https://www.researchgate.net/profile/Abd_Elghaffar_Sary/publication/275042087/figure/fig2/AS:391965444198402@1470463252151/Fig-9-Normal-histology-from-the-spleen-of-the-control-rats-H-E-10-X-25-Fig-10.png
http://histology-world.com/photoalbum/albums/userpics/normal_WholeKidney-100x-1.jpg,https://www.researchgate.net/profile/Saadet_Guemueslue/publication/235670468/figure/download/fig1/AS:299674595545090@1448459399560/Liver-histology-normal-architecture-in-control-A-and-resveratrol-D-administered.png,https://i.imgur.com/lRMI3gY.jpg
https://pathweb.nus.edu.sg/wp-content/uploads/2019/06/normal-kidney-3.jpg,https://www.pathpedia.com/education/eatlas/histology/liver_and_bile_ducts/liver-normal-histology-[9-li06.jpeg?Width=600&Height=450&Format=4,http://www.pathpedia.com/education/eatlas/histology/spleen/normal-spleen-histology-[15-sp02-h-cd8].jpeg?Width=600&Height=450&Format=4
http://histology-world.com/photoalbum/albums/userpics/normal_kidneymedulla40x.jpg,https://www.researchgate.net/profile/Abdul-Kader_Souid/publication/235739662/figure/download/fig2/AS:214251512832009@1428092949384/Liver-histology-oxygenated-KH-buffer-Normal-hepatic-architecture-characterized-by.png,http://1.bp.blogspot.com/_bMw-aYvRAyE/TM0FbFMqy2I/AAAAAAAAAaM/GlIC0ujP0c4/w1200-h630-p-k-no-nu/spleen+histology+slide.jpg
https://library.med.utah.edu/WebPath/jpeg1/RENAL195.jpg,https://media.springernature.com/lw785/springer-static/image/chp%3A10.1007%2F978-3-319-17169-2_53/MediaObjects/314987_1_En_53_Fig2_HTML.jpg,http://histology-world.com/photoalbum/albums/userpics/normal_nl0029.jpg
https://www.researchgate.net/publication/309443181/figure/download/fig10/AS:421524541841411@1477510690709/Histology-of-donor-human-kidney-tissue-derived-from-normal-kidneys-NK-and-chronic.png,https://media.springernature.com/lw785/springer-static/image/chp%3A10.1007%2F978-3-319-17169-2_53/MediaObjects/314987_1_En_53_Fig1_HTML.jpg,http://histology-world.com/photoalbum/albums/userpics/normal_nl0030.jpg
https://www.researchgate.net/profile/Winston_Evering/publication/261408864/figure/download/fig19/AS:601652985884681@1520456658067/Morphologically-normal-kidney-glomerulus-in-a-control-cynomolgus-monkey-Control-monkey.png,https://www.researchgate.net/profile/Ahrar_Khan/publication/281752492/figure/download/fig1/AS:544206546767872@1506760359101/Histopathology-of-liver-a-Control-birds-showing-normal-histological-structure-b.png,http://histology-world.com/photoalbum/albums/userpics/normal_spleen3.jpg
https://www.researchgate.net/profile/Ashraf_Abdel-Moneim/publication/265383174/figure/fig2/AS:302067307565057@1449029866012/Photomicrographs-of-rat-kidney-a-Control-group-normal-histological-structure.png,https://livercenter.ucsf.edu/sites/g/files/tkssra3566/f/wysiwyg/Normal%20liver%20downsized%20for%20web.jpg,https://www.le.ac.uk/pa/teach/va/imagesR/d2b.jpg
https://s3.amazonaws.com/classconnection/605/flashcards/221605/jpg/normal_wholekidney-400x-3-14A1269AA1A19F98A06.jpg,http://histology-world.com/photoalbum/albums/userpics/normal_liver12.jpg,http://histology-world.com/photoalbum/albums/userpics/normal_spleen6.jpg
https://www.researchgate.net/profile/Rehan_Khan8/publication/52007524/figure/fig5/AS:394079620878344@1470967311661/Photomicrographs-of-kidney-histology-of-Swiss-albino-mice-9400-magnifications-A-Kidney.png,http://thumbs.slideserve.com/1_5162982.jpg,https://embryology.med.unsw.edu.au/embryology/images/thumb/9/97/Spleen_histology_08.jpg/600px-Spleen_histology_08.jpg
https://www.researchgate.net/profile/Hakan_Parlakpinar/publication/284724997/figure/fig2/AS:300419130642433@1448636910361/Normal-kidney-histology-Control-group-H-E100-b-Normal-kidney-histology-Control_Q320.jpg,https://image.slidesharecdn.com/liverhistology-140827080532-phpapp01/95/slide-6-1024.jpg,https://ntp.niehs.nih.gov/nnl/immune/spleen/hyperpc/images/figure-001-a71796_medium.jpg
https://www.researchgate.net/profile/Somaia_Nada/publication/276082703/figure/download/fig2/AS:310707594776576@1451089871019/A-kidney-of-control-rat-showing-normal-histological-structure-glomerulus-G-proximal.png,http://histology-world.com/photoalbum/albums/userpics/normal_liver11.jpg,https://www.humpath.com/IMG/jpg_spleen_04_1a.jpg
https://classconnection.s3.amazonaws.com/652/flashcards/2882652/jpg/normal_wholekidney-100x-2-145BFCDC1DB06347D82.jpg,http://image.slidesharecdn.com/liverhistology-140827080532-phpapp01/95/histology-of-normal-liver-33-638.jpg?cb=1409126763,http://www.pathologypics.com/Uploads/Mid/MID_NormalSpleen.jpg
https://medicine.tamu.edu/class-files/histopathology/Histopathology%20Study%20Guide/Kidney/NSlideKidney6.jpg,https://www.researchgate.net/profile/Elizabeth_Hijona_Muruamendiaraz/publication/6691408/figure/fig5/AS:195696574636048@1423669107775/Liver-sections-from-mice-in-control-group-A-and-resveratrol-group-B-showed-normal.png,https://ntp.niehs.nih.gov/nnl/immune/spleen/exmh/images/figure-001-a71782_medium.jpg
https://webpath.med.utah.edu/jpeg1/RENAL127.jpg,http://library.med.utah.edu/WebPath/jpeg4/LIVER176.jpg,http://histology-world.com/photoalbum/albums/userpics/normal_spleen9.jpg
http://www.histology.leeds.ac.uk/urinary/assets/Kidney_Mystery_K4.jpg,https://www.researchgate.net/profile/Miyase_Cinar/publication/267958797/figure/download/fig3/AS:668965638529060@1536505245967/Liver-histology-from-a-broiler-chicken-contaminated-with-aflatoxin-2-mg-kg-group-AF.png?_sg=4RPpY6S8yw10vJxfzBZTWhAw0JM86JRUR_ei9AfA0kjit2vsNtE3gdD94w1HK-fJc-B9EE6p4EU,http://histology-world.com/photoalbum/albums/userpics/normal_spleenwhitepulp40x.jpg
https://pathweb.nus.edu.sg/wp-content/uploads/2019/06/normal-kidney-2.jpg,https://openi.nlm.nih.gov/imgs/512/180/2716554/PMC2716554_GMS-07-05-g-001.png,https://www.researchgate.net/profile/Shilpi_Chandra/publication/301272654/figure/download/fig2/AS:512155573538816@1499118812915/Histology-and-clonality-of-PTCLs-a-H-E-staining-of-spleen-and-liver-from-normal-and.png
https://s3.studylib.net/store/data/007707575_2-5c2b70ff42f38507f8dde6d1f1747cbe.png,https://www.researchgate.net/profile/Miyase_Cinar/publication/267958797/figure/fig1/AS:668965638520841@1536505245731/Normal-histological-appearance-of-the-liver-from-a-control-broiler-chicken-fed-with.png,https://www.researchgate.net/publication/313480876/figure/fig5/AS:459916134621201@1486663959778/The-microscopic-hematoxylin-and-eosin-histology-slides-of-spleen-for-toxicity-assessment.png
https://www.researchgate.net/profile/Sadiq_Umar/publication/234833900/figure/fig1/AS:299669029703680@1448458072764/Kidney-histology-of-rats-x-400-magnification-a-Control-group-showed-normal-glomerular.png,https://www.researchgate.net/profile/Jose_Riezu-Boj/publication/51696713/figure/download/fig2/AS:305797708959745@1449919263501/Liver-histology-from-normal-rabbits-treated-or-not-treated-with-CT-1-and-from.png,https://s3.amazonaws.com/classconnection/542/flashcards/7970542/png/screen_shot_2015-09-20_at_51947_pm-14FECD7A02602BE7CE5-thumb400.png
https://image.slidesharecdn.com/kidneyhistology-150713070908-lva1-app6892/95/kidney-histology-44-638.jpg?cb=1436771521,https://www.researchgate.net/profile/Bako_Gaya/publication/237150387/figure/fig1/AS:299387449298950@1448390938764/Histology-of-the-normal-liver-control-group-I-showing-the-central-vein-V-hepatocytes_Q320.jpg,http://histology-world.com/photoalbum/albums/uploads/normal_spleen40X.jpg
https://www.auanet.org/images/Education/pathology/normal-histology/renal_sinus-figureA_Big.jpg,https://www.researchgate.net/profile/Malinee_Wongnawa/publication/26469670/figure/download/fig1/AS:309988502327298@1450918426876/Histopathology-of-rat-liver-a-Grade-0-normal-b-Grade-1-minimal-centrilobular.png,https://pathweb.nus.edu.sg/wp-content/uploads/2019/06/normal-spleen-3-blank.jpg
https://image.slidesharecdn.com/1-normalkidneylightmicroscopy-121019182901-phpapp02/95/renal-histopathology-i-normal-kidney-light-microscopy-35-638.jpg?cb=1546967522,http://www.vivo.colostate.edu/hbooks/pathphys/digestion/liver/histo_eqlob1.jpg,"https://thumbor.kenhub.com/2ENUGlzvxd0Cql5_kn7zpL93pck=/fit-in/800x1600/filters:watermark(/images/logo_url.png,-10,-10,0)/images/library/5665/CESzPoldB5HcHnBKTeA7g_Spleen.png.jpeg"
http://histology-world.com/photoalbum/albums/userpics/normal_kidney7~0.jpg,https://www.researchgate.net/publication/308519385/figure/download/fig4/AS:410676783796228@1474924383866/Microscopic-phenotypic-differences-in-liver-histology-H-E-staining-of-A-normal-liver.jpg,http://histology-world.com/photoalbum/albums/userpics/normal_IMG_0234~2.jpg
https://www.researchgate.net/profile/Pablo_Ghiringhelli/publication/257301408/figure/fig4/AS:297520824635395@1447945900632/Kidney-histology-of-cortical-zone-A-Renal-glomeruli-of-a-control-mouse-showed-normal_Q320.jpg,https://www.researchgate.net/profile/Nina_JEE_Tirnitz-Parker/publication/235639463/figure/download/fig2/AS:299882372976644@1448508937742/Histology-of-normal-and-chronically-injured-liver-Adult-mice-on-a-control-diet-display.png?_sg=_eSKCr5QkGPFoXYP-e3tSfddyAfJXxS4PGHgGlBygcIw1Mr1bkU-JXVkj-bA1h-J3WvhMy7noZU,https://openi.nlm.nih.gov/imgs/512/326/2606024/PMC2606024_pone.0004112.g006.png?keywords=pals
https://image.slidesharecdn.com/1-normalkidneylightmicroscopy-121019182901-phpapp02/95/renal-histopathology-i-normal-kidney-light-microscopy-83-638.jpg?cb=1546967522,https://i.ytimg.com/vi/uz0yyvkrLqo/maxresdefault.jpg,http://histology-world.com/photoalbum/albums/userpics/normal_Spleen-100x-1.jpg
https://www.auanet.org/images/Education/pathology/normal-histology/tubules-figureA_Big.jpg,http://www.apsubiology.org/anatomy/2020/2020_Exam_Reviews/Exam_3/liver%20lobule.bmp,https://www.researchgate.net/profile/Mohamed_Dkhil/publication/264903123/figure/fig2/AS:203186997600268@1425454963363/Babesia-divergens-induced-changes-in-spleen-histology-of-gerbil-a-Normal-architecture_Q320.jpg
https://innovareacademics.in/journals/index.php/ijpps/article/viewFile/7329/5966/51113,https://3c1703fe8d.site.internapcdn.net/newman/csz/news/800/2017/metabolismca.png,https://www.researchgate.net/profile/Abd_Elghaffar_Sary/publication/275042087/figure/fig1/AS:391965444198401@1470463252085/Fig-9-Normal-histology-from-the-spleen-of-the-control-rats-H-E-10-X-25-Fig-10_Q320.jpg
https://s-media-cache-ak0.pinimg.com/originals/ec/03/bf/ec03bf54113af6b0e7832337fd136f63.jpg,https://www.proteinatlas.org/images_dictionary/liver__1__example_1__overview.jpg,http://histology-world.com/photoalbum/albums/userpics/normal_spleen2~0.jpg
https://pathweb.nus.edu.sg/wp-content/uploads/2019/06/normal-kidney-1-blank.jpg,https://image.slidesharecdn.com/liverhistology-140827080532-phpapp01/95/histology-of-normal-liver-77-638.jpg?cb=1409126763,http://histology-world.com/photoalbum/albums/userpics/normal_spleen11.jpg
https://embryology.med.unsw.edu.au/embryology/images/2/2c/Nephron_histology_03.jpg,http://classconnection.s3.amazonaws.com/989/flashcards/1033989/jpg/liver_organization1361464641578.jpg,https://s3.amazonaws.com/classconnection/962/flashcards/6733962/jpg/normal_spleen1f-1537B5641F8626C3B5B.jpg
https://web.duke.edu/pathology/siteParts/images/large/path018-5.jpg,http://www.stembook.org/sites/default/files/pubnode/1eb96f61005e0c07df780954b6df2580a1c71d6d/Liver_development/Zorn11.jpg,https://ntp.niehs.nih.gov/nnl/immune/spleen/exmh/images/figure-004-a71822_medium.jpg
https://media.nature.com/m685/nature-assets/labinvest/journal/v95/n3/images/labinvest2014163f5.jpg,http://histology-world.com/photoalbum/albums/userpics/normal_liver3~0.jpg,http://histology-world.com/photoalbum/albums/userpics/normal_spleenred40_0.jpg
https://image.slidesharecdn.com/1-normalkidneylightmicroscopy-121019182901-phpapp02/95/renal-histopathology-i-normal-kidney-light-microscopy-5-638.jpg?cb=1404208105,https://www.proteinatlas.org/images_dictionary/liver__1__example_1__1_25.jpg,https://www.researchgate.net/profile/Gerald_Wulf/publication/7916963/figure/download/fig3/AS:280755050696706@1443948628444/Distortion-of-thymic-splenic-and-lymph-node-architecture-by-anti-CD45-treatment.png
https://www.niddk.nih.gov/-/media/Images/labs-branches-sections/kidney-disease-branch/kidney-diseases-section/glomerular-disease-primer/normalkidney/functionsofthekidneys.jpg?la=en&hash=DC995E7B562DB64632669420157B0D89AC8A8381,https://www.researchgate.net/profile/Marcia_Kubrusly/publication/44626945/figure/fig7/AS:601650486075392@1520456062009/Normal-liver-histology-in-CTRL-group-A-Abnormal-liver-histology-in-ALF-group-B_Q320.jpg,http://medcell.med.yale.edu/histology/immune_system_lab/images/spleen_white_pulp.jpg
https://www.researchgate.net/profile/Chukwugozie_Okwuosa2/publication/233812191/figure/download/fig4/AS:300123440599040@1448566412257/Renal-histology-of-the-baseline-control-group-Normal-kidney-G-glomerulus-T-tubules.png,https://image.slidesharecdn.com/liverhistology-140827080532-phpapp01/95/histology-of-normal-liver-46-638.jpg?cb=1409126763,https://s3.amazonaws.com/classconnection/542/flashcards/7970542/png/screen_shot_2015-09-20_at_52158_pm-14FECD9B1BC59A9F9D8-thumb400.png
https://i.ytimg.com/vi/M-lpa4Yyv-o/hqdefault.jpg,https://www.researchgate.net/profile/Entsar_Saad2/publication/280625036/figure/fig1/AS:391432868253703@1470336276769/Liver-histopathology-A-Normal-control-rat-liver-showing-normal-hepatocytes-arrow.png,https://www.researchgate.net/profile/Johanne_Poudrier/publication/11813459/figure/fig2/AS:394548942524418@1471079206563/Histology-of-thymus-spleen-and-kidney-of-CD4C-HIV-MutGAXXA-Tg-mice-Control-non-Tg.png
http://histology-world.com/photoalbum/albums/userpics/normal_kidney4~0.jpg,https://s3.amazonaws.com/classconnection/323/flashcards/13504323/jpg/histo_cvein1-158581FD46E72A17ECC-thumb400.jpg,https://ai2-s2-public.s3.amazonaws.com/figures/2017-08-08/be98aa4528c37c149f00c096901d9dc4b99600a7/6-Figure8-1.png
http://histology-world.com/photoalbum/albums/uploads/normal_cortex10X_lbl.jpg,https://www.kumc.edu/instruction/medicine/anatomy/histoweb/gitract/small/Gi34s.JPG,"https://thumbor.kenhub.com/vcwIP0JVxPLdWvhcPnegSj1qqDU=/fit-in/800x800/filters:fill(FFFFFF,true):watermark(/images/watermark_only.png,0,0,0):watermark(/images/logo_url.png,-10,-10,0):format(jpeg)/images/anatomy_term/splenic-nodule/FR7PQwgdCXlw1T2oXhzpWw_Splenic_nodule.png"
https://www.auanet.org/images/Education/pathology/normal-histology/jux_apparatus-figureA.jpg,https://www.researchgate.net/profile/Ahmed_Abu_Raghif/publication/301346080/figure/fig1/AS:354768192065541@1461594736956/Figure-1-normal-liver-histology-A-photomicrograph-of-normal-rat-liver-showing_Q320.jpg,http://histology-world.com/photoalbum/albums/userpics/normal_spleennode240_0.jpg
http://kidneypathology.com/Imagenes/Histologia/Histo_Glomerulo_5.jpg,"https://openi.nlm.nih.gov/imgs/512/173/3171682/PMC3171682_jcbn10-135f01.png?keywords=steatosis,focal+granulomatous+inflammation",https://www.researchgate.net/profile/Stephen_Bartelmez/publication/12743998/figure/fig1/AS:407734181744643@1474222812292/Histology-of-the-spleen-and-bone-marrow-from-a-normal-littermate-and-two-transgenic_Q320.jpg
https://image.slidesharecdn.com/2-normalkidneyelectronmicroscopy-121019183304-phpapp02/95/renal-histopathology-ii-normal-kidney-electron-microscopy-11-638.jpg?cb=1546967524,https://www.proteinatlas.org/images_dictionary/liver_cancer__2__hepatocellular__1_25.jpg,https://s3.amazonaws.com/classconnection/542/flashcards/7970542/png/screen_shot_2015-09-20_at_52259_pm-14FECDAF0E559DAAD08.png
https://www.renalfellow.org/wp-content/uploads/2019/01/Revised-Fig-3.jpg,http://www.histology-world.com/photoalbum/albums/userpics/normal_liver13.jpg,https://www.proteinatlas.org/images_dictionary/lymph_node__1__example_1__overview.jpg
https://www.researchgate.net/publication/290649646/figure/download/fig1/AS:411361747193857@1475087691203/Photomicrograph-of-rat-kidney-tissue-section-A-Normal-histology-of-the-kidney-tissue.png,https://www.researchgate.net/profile/Cibele_Carvalho/publication/272413090/figure/download/fig1/AS:391830215643137@1470431011125/A-Histology-of-normal-liver-parenchymal-architecture-of-the-control-group-rat-B.png,https://media.springernature.com/original/springer-static/image/art:10.1007%2Fs13244-016-0500-y/MediaObjects/13244_2016_500_Fig2_HTML.gif
https://image.slidesharecdn.com/1-normalkidneylightmicroscopy-121019182901-phpapp02/95/renal-histopathology-i-normal-kidney-light-microscopy-23-638.jpg?cb=1404208105,https://www.researchgate.net/publication/236925268/figure/fig3/AS:214043425021961@1428043337572/A-Liver-sections-from-hamsters-fed-the-normal-diet-showed-normal-liver-histology-B.png,http://histology-world.com/photoalbum/albums/userpics/normal_hrlym_41_new1.jpg
https://lh3.googleusercontent.com/79elYhCaRfsRd5jZlMBYp5azunGBbaQD65CnSCxboaJ7I43XAMpfJRkODtKkbRPiAMLdwTGdX_9YSyFCHM_fHR6rNcIBToEIBYGU00-Dinbp3eNFhAT6THPi_Qlmix57ECjp6CxT,https://www.researchgate.net/profile/Vladimir_Palicka2/publication/266479889/figure/fig1/AS:669535879315471@1536641201696/Histological-examination-of-liver-tissue-SLD-The-figure-shows-normal-liver-histology-no_Q320.jpg,http://www.histology-world.com/photoalbum/albums/userpics/normal_DSCN3619.jpg
https://www.auanet.org/images/Education/pathology/normal-histology/tubules-figureD_Big.jpg,https://image.slidesharecdn.com/liverhistology-140827080532-phpapp01/95/histology-of-normal-liver-41-638.jpg?cb=1409126763,https://www.humpath.com/IMG/jpg/normal_spleen_cd20_0411_1.jpg
http://histology-world.com/photoalbum/albums/userpics/normal_1471-2105-3-26-1-la.jpg,https://www.researchgate.net/profile/Murat_Giris/publication/259919341/figure/fig2/AS:613444868898827@1523268062356/Histopathological-appearance-of-liver-in-groups-H-E-400-Groups-a-Normal-liver.png,https://s3.us-east-2.amazonaws.com/yalehistology/immune_system/lymph_node_paracortex.jpg
https://www.researchgate.net/publication/309443181/figure/fig10/AS:421524541841411@1477510690709/Histology-of-donor-human-kidney-tissue-derived-from-normal-kidneys-NK-and-chronic_Q320.jpg,http://www.histology-world.com/photoalbum/albums/uploads/normal_pigliver10X.jpg,https://images.cram.com/images/upload-flashcards/42/55/90/3425590_m.png
https://qph.fs.quoracdn.net/main-qimg-3171769723650dd4a31b706310c5490d-c,https://instruction.cvhs.okstate.edu/Histology/HistologyReference/imagesco/liver2F.jpg,https://i.ytimg.com/vi/5taDCo8MhQI/hqdefault.jpg
https://www.auanet.org/images/Education/pathology/normal-histology/renal_pelvis-figureB_Big.jpg,https://www.researchgate.net/profile/Baukje_Schotanus/publication/26655752/figure/fig2/AS:195927500431371@1423724164552/Liver-histology-A-Normal-liver-dog-1-portal-area-and-periportal-parenchyma-The_Q320.jpg,https://i.pinimg.com/originals/ca/19/88/ca198857a808c3df3f611faa43e0b020.jpg
https://www.researchgate.net/profile/Milan_Stoiljkovic/publication/225187005/figure/fig3/AS:203058391851011@1425424301141/Photomicrograph-of-rat-kidney-section-a-and-b-Normal-histology-of-kidney-tissue-in.png,https://image.slidesharecdn.com/liverhistology-140827080532-phpapp01/95/histology-of-normal-liver-37-638.jpg?cb=1409126763,https://ai2-s2-public.s3.amazonaws.com/figures/2017-08-08/be98aa4528c37c149f00c096901d9dc4b99600a7/4-Figure6-1.png
http://histology-world.com/photoalbum/albums/userpics/normal_kidney10.jpg,http://liverbasics.com/wp-content/uploads/2018/10/hepatic-steatosis-300x240.jpg,https://www.researchgate.net/profile/Ivan_Varga2/publication/227122618/figure/download/fig4/AS:667854219259906@1536240262241/Human-spleen-capsule-C-white-pulp-follicle-F-periarteriolar-lymphoid-sheath.png
https://webpath.med.utah.edu/jpeg1/RENAL193.jpg,https://www.researchgate.net/profile/Edward_Chen3/publication/237814660/figure/fig2/AS:616050261512196@1523889236704/Histopathology-of-trucut-liver-biopsy-from-A-normal-liver-tissue-from-a-macaque.png,https://s3.amazonaws.com/classconnection/899/flashcards/9038899/png/screen_shot_2015-12-03_at_72958_pm-1516A6568B53CBF9882.png
https://i.pinimg.com/originals/32/4d/82/324d824d9ae67383853225576205f169.jpg,https://file.scirp.org/Html/4-8301846/c0ca9f5e-3b3d-4d24-a5ed-c6e54dcd0ccf.jpg,http://histology-world.com/photoalbum/albums/userpics/normal_spleen1.jpg
https://image.slidesharecdn.com/1-normalkidneylightmicroscopy-121019182901-phpapp02/95/renal-histopathology-i-normal-kidney-light-microscopy-37-638.jpg?cb=1546967522,https://www.researchgate.net/profile/Ali_Karakus/publication/291698966/figure/download/fig1/AS:707291733061634@1545642898839/H-E-method-a-Normal-liver-histology-control-group-b-Severe-liver-damage-and.png,https://i.pinimg.com/236x/5a/02/38/5a023866e96cb7fed505fa80e1e03d19--lymphatic-system-immune-system.jpg?nii=t
http://www.auanet.org/images/education/pathology/normal-histology/perinephric_fat-figureB.jpg,https://i.pinimg.com/originals/bc/31/63/bc3163d15ca103d70fc0427dad98e973.jpg,https://upload.wikimedia.org/wikipedia/commons/thumb/5/50/Spleen_hyaloserositis_-_low_mag.jpg/220px-Spleen_hyaloserositis_-_low_mag.jpg
https://i.ytimg.com/vi/Y9Z6LyVKC5w/maxresdefault.jpg,http://dm5migu4zj3pb.cloudfront.net/manuscripts/28000/28859/medium/JCI0728859.f6.jpg,https://pathweb.nus.edu.sg/wp-content/uploads/2019/06/normal-spleen-2-1024x548.jpg
http://histology-world.com/photoalbum/albums/uploads/normal_10_1371_journal_pbio_0020427_g006-La.jpg,https://www.researchgate.net/profile/Osama_Badr7/publication/315743697/figure/download/fig1/AS:613877431689238@1523371193996/Photomicrograph-of-histological-structure-of-control-mouse-liver-showing-normal.png,https://i.pinimg.com/236x/16/2c/29/162c294aa5b19b07b53fdca9d1767e00.jpg
https://i2.wp.com/nephsim.com/wp-content/uploads/2018/07/Normal-Glom-labeled.png,https://image.slidesharecdn.com/histologyofliver-140128072009-phpapp01/95/histology-of-liver-by-aravindh-dpi-16-638.jpg?cb=1390893656,https://www.researchgate.net/profile/Keying_Zhang/publication/264904377/figure/download/fig2/AS:392298845229059@1470542741735/Photomicrographs-of-hematoxylin-and-eosin-stained-chicken-spleen-section-A-shows-the.png
https://pathweb.nus.edu.sg/wp-content/uploads/2019/06/normal-kidney-5.jpg,https://openi.nlm.nih.gov/imgs/512/337/2717914/PMC2717914_1476-5926-8-3-2.png,http://www.histology-world.com/photoalbum/albums/userpics/normal_spleen8.jpg
http://histology-world.com/photoalbum/albums/userpics/normal_kidney6.jpg,https://s-media-cache-ak0.pinimg.com/600x315/f7/a9/ca/f7a9ca1a6c29989b9379194db46cbda1.jpg,https://www.webpathology.com/slides-13/slides/Spleen_AutoImmuneHemolyticAnemia1(1).jpg
https://medicine.tamu.edu/class-files/histopathology/Histopathology%20Study%20Guide/Kidney/NSlideKidney5.jpg,https://pathweb.nus.edu.sg/wp-content/uploads/2019/06/normal-liver-2-blank.jpg,https://biomedicalsciences.unimelb.edu.au/__data/assets/image/0006/1977423/007-spleen.jpg
https://assets.cureus.com/uploads/figure/file/35583/lightbox_17b9ad70526111e8963371522e44a9ac-Histopath.png,https://image.slidesharecdn.com/19hepaticcirrhosis-100512053947-phpapp01/95/19-hepatic-cirrhosis-23-728.jpg?cb=1273642950,http://histology-world.com/photoalbum/albums/userpics/normal_spleennode10_0.jpg
https://www.researchgate.net/publication/324742301/figure/fig2/AS:619122849218561@1524621798248/Hematoxylin-and-eosin-H-E-stained-sections-of-adjacent-normal-kidney-far-A-and-close.png,https://micro2tele.files.wordpress.com/2012/01/portal-triad.png,https://www.researchgate.net/publication/334621872/figure/fig5/AS:789693402738691@1565288987418/Histological-examination-of-the-spleen-of-both-Control-and-QT-groups-showed-normal-white.jpg
http://medcell.med.yale.edu/histology/urinary_system_lab/images/renal_pelvis.jpg,https://www.researchgate.net/profile/Salah_Najim/publication/303402824/figure/fig2/AS:614266050727950@1523463847683/A-Fish-liver-histology-showing-normal-structures-and-hepatocyte-size-variation-in.png,https://s-media-cache-ak0.pinimg.com/736x/bd/b4/9f/bdb49f526aaff098f02c07e7a046bfe3--lymph-nodes-lymphatic-system.jpg
https://image.slidesharecdn.com/kidneyhistology-150713070908-lva1-app6892/95/kidney-histology-57-638.jpg?cb=1436771521,https://www.researchgate.net/profile/Dhananjay_Kotasthane/publication/321099422/figure/fig1/AS:561297528180736@1510835167955/Liver-12th-week-H-E-Staining-400x-magnification-A-Normal-liver-showing-portal-area-and_Q320.jpg,"https://thumbor.kenhub.com/P-ziNh2W_voClopuuEL0g1zTXcU=/fit-in/800x800/filters:fill(FFFFFF,true):watermark(/images/watermark_only.png,0,0,0):watermark(/images/logo_url.png,-10,-10,0):format(jpeg)/images/anatomy_term/central-artery/IyTcZGGLCWotGrH6NRhRVQ_Central_artery.png"
http://4.bp.blogspot.com/-68I10xJymdA/TeClTeaSNjI/AAAAAAAAALo/R6pWRWIXHW4/s1600/polycystic-kidney-disease-histology-2.jpg,https://www.researchgate.net/publication/264982770/figure/download/fig5/AS:267976314191924@1440901940536/Effect-of-imidacloprid-on-histology-of-liver-Hematoxylin-and-eosin-staining-scale-bar.png,https://ai2-s2-public.s3.amazonaws.com/figures/2017-08-08/be98aa4528c37c149f00c096901d9dc4b99600a7/8-Figure12-1.png
http://histology-world.com/photoalbum/albums/uploads/normal_kidney40X_lbl.jpg,https://histology.medicine.umich.edu/sites/default/files/DG4pract4.jpg,http://histology-world.com/photoalbum/albums/userpics/normal_spleen7.jpg
http://d1yboe6750e2cu.cloudfront.net/i/d34d2fb5ad8641e3729da0f649922d78f68935b4,http://www.vivo.colostate.edu/hbooks/pathphys/digestion/liver/histo_lobule1.jpg,https://s3.amazonaws.com/classconnection/701/flashcards/3221701/jpg/normal_hrlym_33_new1-14C9FF0420625AD4CCC.jpg
http://magscope.com/Slidebank/DemoImages/kidney_mammal_x02_800px.jpg,http://4.bp.blogspot.com/_NdvAGcXaTWw/S9QqeoH30FI/AAAAAAAAALM/bN4IXNAie6Q/s400/Normal+Liver+MT.JPG,https://i.pinimg.com/originals/7c/b5/8f/7cb58fe6a9a0423a482f88029370bccd.jpg
https://s-media-cache-ak0.pinimg.com/736x/a5/ab/61/a5ab610a2cc68e172fb9f71b229d15d3.jpg,http://mmegias.webs.uvigo.es/02-english/2-organos-a/imagenes-grandes/imagenes/digestivo-higado-todo.png,https://s3.amazonaws.com/classconnection/542/flashcards/7970542/png/screen_shot_2015-09-20_at_51254_pm-14FECD15D3C6EFEBED7-thumb400.png
https://i.pinimg.com/736x/36/56/5f/36565f059cf0fdc921c5cf06cb7ba388--medical-science-medical-school.jpg,http://www.ijp-online.com/articles/2014/46/1/images/Indian%20J%20Pharmacol_2014_46_1_46_125166_f4.jpg,https://www.researchgate.net/profile/Ameae_Walker/publication/12147803/figure/download/fig4/AS:281896325009413@1444220729940/Figure-6-Pup-thymic-and-splenic-histology-Panels-A-F-are-thymus-and-panels-G-L-are.png
https://www.researchgate.net/profile/Kawa_Amin4/publication/276354185/figure/fig1/AS:614316336234539@1523475836945/A-Kidney-of-a-control-normal-rat-showing-normal-histology-of-a-glomeruli-and-renal.png,https://library.med.utah.edu/WebPath/jpeg4/LIVER077.jpg,http://medcell.med.yale.edu/histology/immune_system_lab/images/lymph_node.jpg
https://image.slidesharecdn.com/1-normalkidneylightmicroscopy-121019182901-phpapp02/95/renal-histopathology-i-normal-kidney-light-microscopy-9-638.jpg?cb=1546967522,http://www.vivo.colostate.edu/hbooks/pathphys/digestion/liver/histo_ptract1.jpg,http://1.bp.blogspot.com/_bMw-aYvRAyE/TM0FbFMqy2I/AAAAAAAAAaM/GlIC0ujP0c4/s1600/spleen+histology+slide.jpg
https://image.slidesharecdn.com/kidneyhistology-150713070908-lva1-app6892/95/kidney-histology-56-638.jpg?cb=1436771521,https://pathweb.nus.edu.sg/wp-content/uploads/2019/06/normal-liver-1-blank.jpg,https://ai2-s2-public.s3.amazonaws.com/figures/2017-08-08/be98aa4528c37c149f00c096901d9dc4b99600a7/7-Figure10-1.png
https://library.med.utah.edu/WebPath/jpeg1/RENAL080.jpg,https://www.researchgate.net/profile/E-Shyong_Tai/publication/260875434/figure/fig7/AS:340806184521734@1458265935414/Liver-histology-A-Oil-red-O-staining-and-B-Hematoxylin-eosin-staining-of-HFD-and.png,https://i.pinimg.com/originals/65/a1/a2/65a1a2cd581c0b2d91b488d95674d1c1.jpg
https://www.researchgate.net/profile/Radica_Alicic/publication/317033947/figure/download/fig3/AS:550543621881856@1508271236268/Diabetic-glomerulopathy-Changes-in-glomerular-histology-in-diabetic-glomerulopathy-A.png,https://www.researchgate.net/profile/Min_Sun27/publication/286451708/figure/fig3/AS:392725653409804@1470644500954/Histological-sections-of-liver-and-white-adipose-tissue-a-normal-liver-histology-of_Q320.jpg,https://classconnection.s3.amazonaws.com/586/flashcards/812586/jpg/normal_lymphnode4x1341339015537-thumb400.jpg
https://www.researchgate.net/profile/Christina_Gaughan/publication/6664082/figure/download/fig5/AS:667873525637126@1536244865512/Renal-histology-Hematoxylin-and-eosin-stained-slides-from-2-mo-old-kidneys-of.png,https://www.researchgate.net/profile/Ivan_Zendejas2/publication/266627220/figure/download/fig1/AS:392131035320327@1470502732980/Histology-of-cirrhotic-and-hepatocellular-carcinoma-tissues-Histological-cross-sections.png,https://media.springernature.com/original/springer-static/image/chp%3A10.1007%2F978-981-10-7425-7_3/MediaObjects/417699_1_En_3_Fig5_HTML.png
http://courses.md.huji.ac.il/histology/urinary/XI-2A_U1.jpg,http://histology-world.com/photomicrographs/liver3.jpg,https://s-media-cache-ak0.pinimg.com/originals/bd/b4/9f/bdb49f526aaff098f02c07e7a046bfe3.png
http://www.auanet.org/images/education/pathology/normal-histology/perinephric_fat-figureB_Big.jpg,https://vitrovivo.com/wordpress/wp-content/uploads/2018/03/LIVER-huPS-08003AX250A.jpg,"https://thumbor.kenhub.com/BJvQu6XitmlksfFELWkBKCDxdj4=/fit-in/800x1600/filters:watermark(/images/logo_url.png,-10,-10,0):background_color(FFFFFF):format(jpeg)/images/library/5668/1jmYAWXa8oYVdAFE85dM5Q_Erythrocytes.png.jpeg"
https://image.slidesharecdn.com/2-normalkidneyelectronmicroscopy-121019183304-phpapp02/95/renal-histopathology-ii-normal-kidney-electron-microscopy-1-638.jpg?cb=1404208099,https://image.slidesharecdn.com/liverhistology-140827080532-phpapp01/95/histology-of-normal-liver-18-638.jpg?cb=1409126763,https://openi.nlm.nih.gov/imgs/512/109/3766301/PMC3766301_rrt02907.png?keywords=absences
https://3.bp.blogspot.com/-1z5jJr10OGM/VzscyE9jnwI/AAAAAAAAAiU/73iH2Lsb_sENheCY1XWjNB2YB05w256YQCLcB/w1200-h630-p-k-nu/renall2.png,https://i.ytimg.com/vi/V0pGZeNLXfI/hqdefault.jpg,https://s3.amazonaws.com/classconnection/542/flashcards/7970542/png/screen_shot_2015-09-20_at_52529_pm-14FECDCE842121EA01F.png
https://www.researchgate.net/profile/Somaia_Nada/publication/257440666/figure/download/fig3/AS:297392416018437@1447915285791/Hematoxylin-and-eosin-H-E-stained-kidney-sections-from-mice-treated-with-a-saline.png,https://www.researchgate.net/profile/Ya-Yun_Wang/publication/237061241/figure/download/fig1/AS:299550632890373@1448429844783/Histology-of-liver-stained-with-H-E-of-GAD67-GFP-knock-in-mice-in-different-groups.png,http://hematologyoutlines.com/images/Spleen-medium-magnification.jpg
https://www.researchgate.net/profile/Robert_Anderberg/publication/269933000/figure/fig10/AS:272667936817167@1442020510287/Human-kidney-histology-and-immunostaining-for-SAA1-2-Representative-sections-from.png,http://upload.wikimedia.org/wikipedia/commons/thumb/f/fc/Human_liver.jpg/220px-Human_liver.jpg,https://i.pinimg.com/originals/94/28/59/94285990309daeb2bc4af3e6908bad65.jpg
http://histology-world.com/photoalbum/albums/userpics/normal_WholeKidney-400x-1.jpg,https://www.researchgate.net/profile/Zainul_Amiruddin_Zakaria/publication/49833239/figure/fig1/AS:202718770667522@1425343329511/Section-of-the-liver-tissue-of-control-group-showing-normal-histology-40X-Section-of_Q320.jpg,https://s3.amazonaws.com/classconnection/542/flashcards/7970542/png/screen_shot_2015-09-20_at_52827_pm-14FECDFA2C7306D528B.png
https://www.auanet.org/images/Education/pathology/normal-histology/renal_pelvis-figureD_Big.jpg,https://s-media-cache-ak0.pinimg.com/736x/a3/64/54/a36454abce44f7e10ff13f9cbad06aa4.jpg,https://www.researchgate.net/profile/Stephen_Bartelmez/publication/12743998/figure/download/fig1/AS:407734181744643@1474222812292/Histology-of-the-spleen-and-bone-marrow-from-a-normal-littermate-and-two-transgenic.png
"https://openi.nlm.nih.gov/imgs/512/182/4346621/PMC4346621_labinvest2014163f5.png?keywords=midd,immunoglobulin+deposition+disease,amyloid,type+2+diabetes,type+1+diabetes,diabetic+kidney+diseases",https://s3.amazonaws.com/classconnection/602/flashcards/4980602/jpg/liver_lob_1-14CCF42E6A45CEFFE49-thumb400.jpg,http://www.cjhr.org/articles/2015/2/2/images/CHRISMEDJHealthRes_2015_2_2_163_153266_f2.jpg
